"Subject","Age_in_Yrs","Gender","Type"
571144,25,"M","Train"
517239,23,"M","Train"
589567,25,"M","Train"
213421,26,"F","Train"
171431,29,"F","Train"
204622,30,"F","Train"
101006,35,"F","Train"
156637,31,"M","Train"
205725,23,"F","Train"
208226,24,"F","Train"
748258,25,"F","Train"
745555,35,"F","Train"
559053,35,"F","Train"
298051,31,"F","Train"
645450,30,"F","Train"
110411,31,"M","Train"
138231,33,"F","Train"
175439,34,"F","Train"
448347,26,"M","Train"
212318,34,"F","Train"
122822,35,"F","Train"
579665,34,"F","Train"
171128,36,"F","Train"
161731,35,"F","Train"
151223,26,"F","Train"
134324,30,"M","Train"
598568,26,"M","Train"
310621,33,"F","Train"
679568,29,"F","Train"
112516,33,"F","Train"
103818,32,"F","Train"
672756,33,"M","Train"
128632,32,"F","Train"
329440,30,"M","Train"
103111,30,"M","Train"
611231,34,"F","Train"
732243,32,"F","Train"
173940,27,"F","Train"
572045,33,"F","Train"
553344,33,"F","Train"
685058,33,"M","Train"
792564,31,"F","Train"
214019,31,"F","Train"
953764,32,"F","Train"
144226,31,"F","Train"
197550,28,"F","Train"
568963,31,"F","Train"
133827,25,"M","Train"
198451,26,"M","Train"
239136,30,"F","Train"
729557,24,"F","Train"
322224,31,"F","Train"
156233,25,"F","Train"
499566,28,"F","Train"
102816,30,"F","Train"
158035,30,"F","Train"
118124,34,"F","Train"
113215,26,"F","Train"
197348,30,"F","Train"
114116,30,"F","Train"
167036,30,"F","Train"
214423,23,"M","Train"
112819,29,"F","Train"
117122,30,"F","Train"
246133,28,"F","Train"
463040,31,"F","Train"
168038,28,"M","Train"
901139,28,"F","Train"
715950,29,"F","Train"
530635,30,"M","Train"
120111,28,"F","Train"
126325,28,"F","Train"
130013,26,"M","Train"
142828,31,"M","Train"
124220,33,"M","Train"
119833,27,"F","Train"
217429,33,"F","Train"
827052,29,"F","Train"
201818,30,"F","Train"
159441,27,"F","Train"
872158,27,"F","Train"
179346,27,"F","Train"
186545,34,"F","Train"
157437,29,"F","Train"
859671,31,"F","Train"
105216,27,"M","Train"
127731,31,"F","Train"
378857,33,"F","Train"
188145,32,"F","Train"
140420,28,"F","Train"
221319,28,"F","Train"
510225,28,"F","Train"
759869,34,"M","Train"
513130,27,"F","Train"
130316,27,"F","Train"
727553,27,"F","Train"
108121,27,"F","Train"
833249,27,"F","Train"
760551,29,"F","Train"
822244,27,"F","Train"
376247,29,"F","Train"
128127,27,"F","Train"
475855,29,"F","Train"
153126,29,"F","Train"
148133,26,"F","Train"
422632,24,"F","Train"
120414,26,"F","Train"
179952,27,"F","Train"
195445,26,"F","Train"
784565,26,"F","Train"
549757,26,"F","Train"
586460,26,"F","Train"
186848,28,"F","Train"
179548,26,"F","Train"
211922,26,"F","Train"
107018,26,"F","Train"
153732,26,"F","Train"
145834,26,"F","Train"
189349,26,"F","Train"
656253,28,"M","Train"
144125,33,"F","Train"
352738,34,"M","Train"
146432,34,"M","Train"
689470,36,"M","Train"
200311,34,"M","Train"
704238,26,"M","Train"
133928,27,"M","Train"
896879,30,"M","Train"
705341,33,"M","Train"
158136,33,"M","Train"
109123,32,"M","Train"
168341,32,"M","Train"
113922,32,"M","Train"
147636,24,"F","Train"
210415,26,"F","Train"
820745,32,"M","Train"
397861,32,"M","Train"
159138,32,"M","Train"
130720,34,"M","Train"
164030,32,"M","Train"
137027,32,"M","Train"
284646,27,"M","Train"
124624,26,"F","Train"
122317,31,"M","Train"
205119,31,"M","Train"
397760,31,"M","Train"
459453,29,"F","Train"
205826,31,"M","Train"
186141,31,"M","Train"
573249,30,"M","Train"
147030,29,"M","Train"
645551,25,"F","Train"
125222,26,"M","Train"
137532,32,"M","Train"
219231,27,"M","Train"
901038,30,"M","Train"
150726,25,"M","Train"
190031,27,"F","Train"
178950,34,"M","Train"
334635,24,"F","Train"
154734,34,"M","Train"
187850,22,"M","Train"
121416,26,"M","Train"
152831,29,"M","Train"
140824,33,"M","Train"
166640,22,"M","Train"
199453,23,"M","Train"
748662,33,"F","Train"
131924,22,"M","Train"
165032,24,"M","Train"
955465,27,"M","Train"
989987,33,"M","Train"
683256,30,"F","Train"
695768,27,"M","Train"
622236,23,"M","Train"
119126,25,"F","Train"
987074,24,"M","Train"
567052,33,"M","Train"
180129,27,"F","Train"
164939,29,"F","Train"
129432,23,"M","Train"
151324,23,"M","Train"
220721,28,"M","Train"
361234,35,"F","Train"
141422,33,"F","Train"
835657,32,"F","Train"
907656,32,"F","Train"
239944,32,"F","Train"
368753,33,"F","Train"
280739,32,"F","Train"
782561,32,"F","Train"
204521,31,"F","Train"
180432,34,"F","Train"
673455,35,"F","Train"
167440,30,"F","Train"
129331,30,"F","Train"
175742,35,"F","Train"
103414,25,"F","Train"
521331,30,"F","Train"
325129,31,"M","Train"
578158,29,"M","Train"
675661,31,"M","Train"
173132,31,"M","Train"
901442,29,"F","Train"
922854,29,"M","Train"
217126,24,"M","Train"
212419,29,"F","Train"
210011,24,"M","Train"
725751,29,"M","Train"
153934,30,"M","Train"
151526,28,"M","Train"
192035,30,"F","Train"
163129,28,"M","Train"
171633,28,"M","Train"
164131,28,"M","Train"
117021,30,"F","Train"
878877,28,"M","Train"
131722,28,"F","Train"
146634,27,"F","Train"
191033,28,"F","Train"
765056,26,"M","Train"
570243,27,"F","Train"
201717,22,"M","Train"
406432,27,"M","Train"
571548,29,"M","Train"
121315,29,"M","Train"
756055,25,"M","Train"
154936,27,"M","Train"
833148,27,"M","Train"
170934,28,"F","Train"
837560,30,"M","Train"
188347,28,"F","Train"
160123,32,"M","Train"
123117,29,"M","Train"
298455,24,"M","Train"
201414,22,"F","Train"
127630,25,"F","Train"
565452,25,"F","Train"
303119,30,"F","Train"
108525,23,"M","Train"
140925,25,"F","Train"
198350,31,"M","Train"
212217,23,"F","Train"
843151,29,"M","Train"
316633,27,"F","Train"
355239,26,"F","Train"
161832,26,"M","Train"
567961,22,"F","Train"
204016,25,"F","Train"
151021,32,"M","Train"
149741,27,"M","Train"
644044,32,"M","Train"
192843,28,"M","Train"
169949,29,"M","Train"
154532,28,"M","Train"
519647,29,"M","Train"
742549,27,"M","Train"
137936,32,"M","Train"
188751,28,"M","Train"
599671,27,"M","Train"
160729,24,"F","Train"
849971,25,"M","Train"
769064,27,"M","Train"
130417,27,"M","Train"
100610,27,"M","Train"
869472,23,"F","Train"
171330,27,"M","Train"
342129,27,"M","Train"
198855,26,"M","Train"
102614,23,"M","Train"
146533,28,"M","Train"
341834,26,"M","Train"
757764,36,"F","Train"
114419,33,"M","Train"
555348,35,"F","Train"
917558,35,"F","Train"
193441,28,"M","Train"
180735,35,"F","Train"
192641,34,"F","Train"
911849,34,"F","Train"
908860,28,"M","Train"
163836,34,"F","Train"
623137,35,"F","Train"
856463,33,"F","Train"
395756,35,"F","Train"
181636,33,"F","Train"
105923,33,"F","Train"
159845,33,"F","Train"
693461,33,"F","Train"
187547,32,"F","Train"
346137,29,"M","Train"
562345,32,"F","Train"
453542,34,"F","Train"
346945,23,"F","Train"
138332,29,"M","Train"
580751,24,"M","Train"
192136,22,"M","Train"
132017,23,"F","Train"
317332,28,"M","Train"
421226,34,"M","Train"
561444,23,"M","Train"
523032,32,"M","Train"
663755,25,"F","Train"
286347,30,"F","Train"
395251,28,"F","Train"
204319,27,"F","Train"
112314,30,"F","Train"
206525,28,"M","Train"
154229,23,"F","Train"
186444,25,"F","Train"
212015,25,"M","Train"
135730,23,"M","Train"
555651,34,"F","Train"
173839,22,"F","Train"
634748,22,"F","Train"
110007,33,"F","Train"
329844,28,"M","Train"
188549,23,"M","Train"
548250,23,"M","Train"
573451,22,"M","Train"
513736,25,"F","Train"
449753,25,"M","Train"
104416,31,"F","Train"
529549,26,"F","Train"
290136,28,"F","Train"
845458,31,"F","Train"
604537,23,"M","Train"
657659,23,"F","Train"
524135,23,"M","Train"
701535,33,"F","Train"
126426,34,"F","Train"
495255,31,"M","Train"
419239,28,"F","Train"
131419,28,"F","Train"
144731,30,"F","Train"
617748,30,"F","Train"
169545,22,"M","Train"
185947,29,"F","Train"
751550,29,"F","Train"
192237,35,"F","Train"
919966,33,"F","Train"
209228,29,"F","Train"
236130,30,"F","Train"
520228,22,"M","Train"
206323,33,"F","Train"
588565,33,"M","Train"
274542,29,"F","Train"
143224,27,"F","Train"
171734,28,"F","Train"
202113,23,"F","Train"
926862,27,"M","Train"
160931,31,"F","Train"
207426,27,"M","Train"
248339,26,"M","Train"
169040,23,"M","Train"
870861,31,"M","Train"
424939,28,"M","Train"
281135,26,"M","Train"
993675,29,"F","Train"
177342,25,"M","Train"
529953,26,"M","Train"
506234,27,"M","Train"
349244,26,"M","Train"
286650,30,"M","Train"
561949,26,"M","Train"
149842,32,"F","Train"
810439,29,"M","Train"
113316,25,"M","Train"
557857,25,"M","Train"
698168,25,"M","Train"
378756,26,"M","Train"
973770,25,"M","Train"
615441,25,"M","Train"
878776,25,"M","Train"
995174,25,"M","Train"
210112,25,"M","Train"
724446,24,"M","Train"
196346,27,"M","Train"
164636,24,"M","Train"
692964,25,"M","Train"
923755,30,"F","Train"
299154,24,"M","Train"
578057,27,"F","Train"
749058,24,"M","Train"
766563,27,"M","Train"
130821,25,"F","Train"
123824,23,"M","Train"
550439,23,"M","Train"
172433,23,"M","Train"
174841,23,"M","Train"
119025,29,"M","Train"
581450,23,"M","Train"
275645,24,"M","Train"
268749,29,"M","Train"
123521,22,"M","Train"
972566,35,"F","Train"
680452,35,"F","Train"
585256,35,"F","Train"
125424,33,"F","Train"
179245,32,"F","Train"
362034,32,"F","Train"
209329,32,"F","Train"
103212,34,"M","Train"
175237,31,"F","Train"
654552,31,"F","Train"
744553,31,"F","Train"
731140,31,"F","Train"
992673,33,"F","Train"
597869,32,"M","Train"
143426,29,"F","Train"
183741,35,"M","Train"
152427,31,"F","Train"
809252,27,"F","Train"
118831,22,"M","Train"
616645,25,"M","Train"
618952,22,"M","Train"
650746,28,"M","Train"
516742,31,"M","Train"
114823,33,"F","Train"
200917,23,"F","Train"
100206,27,"M","Test"
100307,27,"F","Test"
100408,33,"M","Test"
101309,29,"M","Test"
101410,29,"M","Test"
101915,35,"F","Test"
102008,24,"M","Test"
102109,27,"M","Test"
102311,26,"F","Test"
102513,30,"M","Test"
102715,26,"M","Test"
103010,25,"M","Test"
103515,28,"F","Test"
104012,26,"F","Test"
104820,36,"F","Test"
105014,29,"F","Test"
105115,31,"M","Test"
106319,28,"M","Test"
106521,29,"F","Test"
106824,22,"M","Test"
107220,26,"F","Test"
107321,25,"F","Test"
107422,22,"M","Test"
107725,35,"F","Test"
108020,22,"M","Test"
108222,35,"M","Test"
108828,32,"M","Test"
109325,31,"M","Test"
111009,27,"F","Test"
111211,28,"F","Test"
111413,28,"F","Test"
111514,32,"M","Test"
112920,31,"M","Test"
113619,34,"F","Test"
114217,29,"F","Test"
114318,22,"F","Test"
114621,29,"M","Test"
115017,32,"F","Test"
115219,33,"M","Test"
115320,34,"F","Test"
115825,23,"M","Test"
116221,25,"M","Test"
116423,28,"M","Test"
116524,27,"M","Test"
117324,24,"F","Test"
117930,33,"F","Test"
118023,26,"F","Test"
118225,27,"M","Test"
118730,23,"M","Test"
118932,26,"M","Test"
119732,33,"F","Test"
120212,33,"F","Test"
120717,35,"F","Test"
121820,31,"F","Test"
121921,34,"M","Test"
123420,28,"F","Test"
123723,32,"F","Test"
123925,26,"F","Test"
124826,32,"F","Test"
125525,34,"F","Test"
126628,33,"M","Test"
126931,35,"F","Test"
127226,25,"M","Test"
127832,35,"F","Test"
127933,32,"M","Test"
128026,30,"F","Test"
128329,35,"F","Test"
128935,34,"M","Test"
129028,30,"M","Test"
129129,33,"F","Test"
129533,35,"F","Test"
129634,22,"M","Test"
129937,29,"F","Test"
130114,27,"M","Test"
130619,30,"F","Test"
130922,31,"F","Test"
131217,29,"F","Test"
131621,28,"F","Test"
131823,27,"M","Test"
132118,26,"F","Test"
133019,26,"F","Test"
133625,30,"M","Test"
134021,32,"F","Test"
134223,29,"F","Test"
134425,27,"F","Test"
135124,31,"F","Test"
135225,22,"F","Test"
135528,26,"F","Test"
135629,24,"M","Test"
135932,30,"F","Test"
136227,31,"M","Test"
136732,31,"F","Test"
136833,33,"M","Test"
137128,31,"F","Test"
137229,22,"M","Test"
137431,35,"F","Test"
137633,23,"F","Test"
138534,25,"M","Test"
138837,23,"M","Test"
139435,28,"F","Test"
139839,26,"M","Test"
141119,27,"M","Test"
142424,30,"M","Test"
143325,32,"F","Test"
143527,27,"M","Test"
144428,25,"M","Test"
144832,22,"F","Test"
144933,27,"M","Test"
146735,34,"F","Test"
146937,32,"F","Test"
148032,31,"F","Test"
148335,31,"F","Test"
148941,28,"M","Test"
149236,23,"F","Test"
149337,33,"M","Test"
149539,24,"M","Test"
150524,26,"F","Test"
150928,25,"M","Test"
151425,26,"F","Test"
151627,30,"F","Test"
151829,31,"F","Test"
151930,31,"M","Test"
152225,35,"M","Test"
153025,22,"F","Test"
153227,31,"F","Test"
153429,34,"M","Test"
153631,23,"F","Test"
153833,23,"F","Test"
154330,29,"M","Test"
154431,28,"F","Test"
154835,35,"F","Test"
155231,32,"F","Test"
155938,27,"M","Test"
156031,30,"F","Test"
156334,27,"F","Test"
156536,22,"M","Test"
157336,34,"F","Test"
157942,36,"F","Test"
158338,24,"M","Test"
158540,33,"M","Test"
159239,32,"F","Test"
159340,29,"M","Test"
159744,31,"M","Test"
159946,29,"M","Test"
160830,28,"F","Test"
161327,30,"F","Test"
162026,31,"F","Test"
162228,24,"M","Test"
162329,28,"F","Test"
162935,25,"M","Test"
163331,35,"M","Test"
165234,23,"F","Test"
165436,27,"M","Test"
165638,27,"M","Test"
165840,35,"M","Test"
167743,26,"F","Test"
168240,26,"M","Test"
168947,28,"F","Test"
169141,25,"M","Test"
169343,33,"F","Test"
169444,29,"F","Test"
169747,29,"F","Test"
171532,33,"F","Test"
172029,27,"M","Test"
172130,28,"M","Test"
172332,30,"F","Test"
172534,23,"F","Test"
172635,31,"M","Test"
172938,32,"F","Test"
173233,30,"M","Test"
173334,28,"M","Test"
173435,29,"F","Test"
173536,35,"F","Test"
173637,23,"F","Test"
173738,32,"M","Test"
174437,32,"F","Test"
175136,22,"F","Test"
175338,22,"F","Test"
175540,32,"M","Test"
176037,30,"F","Test"
176441,29,"M","Test"
176542,28,"F","Test"
176845,26,"F","Test"
177645,29,"F","Test"
177746,30,"F","Test"
178142,26,"F","Test"
178243,23,"M","Test"
178748,33,"M","Test"
180230,27,"F","Test"
180533,31,"F","Test"
180937,36,"M","Test"
182032,31,"F","Test"
182436,35,"F","Test"
182739,30,"F","Test"
182840,31,"M","Test"
183034,33,"M","Test"
183337,35,"F","Test"
185139,31,"F","Test"
185341,24,"F","Test"
185442,22,"M","Test"
185846,26,"M","Test"
186949,25,"M","Test"
187143,28,"M","Test"
187345,31,"F","Test"
188448,25,"F","Test"
189450,23,"M","Test"
191235,24,"M","Test"
191336,30,"M","Test"
191437,35,"F","Test"
191942,27,"M","Test"
192439,34,"F","Test"
192540,28,"F","Test"
193239,30,"F","Test"
193845,24,"M","Test"
194140,30,"F","Test"
194443,27,"M","Test"
194645,27,"M","Test"
194746,35,"M","Test"
195041,31,"F","Test"
195647,35,"F","Test"
195950,30,"M","Test"
196144,31,"F","Test"
196750,26,"F","Test"
196851,28,"M","Test"
196952,29,"F","Test"
197449,23,"F","Test"
197651,31,"F","Test"
198047,30,"F","Test"
198653,23,"M","Test"
199150,28,"F","Test"
199251,32,"F","Test"
199352,25,"F","Test"
200008,30,"F","Test"
200109,32,"F","Test"
200513,25,"M","Test"
200614,32,"F","Test"
201111,29,"M","Test"
202719,23,"M","Test"
203721,33,"F","Test"
203923,29,"F","Test"
204420,28,"F","Test"
205220,30,"F","Test"
206222,30,"M","Test"
206727,25,"M","Test"
206828,22,"M","Test"
207123,30,"M","Test"
207628,31,"M","Test"
208024,34,"F","Test"
208125,26,"F","Test"
208327,30,"M","Test"
208428,32,"F","Test"
208630,33,"M","Test"
209127,32,"F","Test"
209531,36,"F","Test"
209834,28,"F","Test"
209935,24,"M","Test"
210617,32,"F","Test"
211114,30,"F","Test"
211316,31,"F","Test"
211417,36,"M","Test"
211619,27,"M","Test"
211821,28,"M","Test"
212116,30,"M","Test"
212823,23,"M","Test"
213017,25,"M","Test"
213522,26,"M","Test"
214221,25,"F","Test"
214524,24,"M","Test"
214625,34,"F","Test"
214726,23,"M","Test"
223929,31,"M","Test"
227432,32,"M","Test"
228434,24,"F","Test"
233326,34,"M","Test"
237334,23,"F","Test"
245333,31,"F","Test"
248238,33,"F","Test"
249947,32,"F","Test"
250427,35,"F","Test"
250932,32,"F","Test"
251833,32,"M","Test"
255639,27,"F","Test"
255740,27,"F","Test"
256540,22,"F","Test"
257542,30,"F","Test"
257845,26,"M","Test"
263436,32,"F","Test"
268850,24,"F","Test"
280941,29,"F","Test"
283543,25,"M","Test"
285345,33,"F","Test"
285446,32,"M","Test"
287248,30,"F","Test"
289555,32,"F","Test"
293748,34,"F","Test"
295146,27,"F","Test"
300618,22,"M","Test"
300719,30,"M","Test"
303624,32,"M","Test"
304020,35,"M","Test"
304727,33,"F","Test"
305830,25,"F","Test"
307127,34,"F","Test"
308129,24,"M","Test"
309636,29,"F","Test"
311320,27,"M","Test"
314225,24,"M","Test"
316835,28,"F","Test"
318637,27,"M","Test"
320826,32,"F","Test"
321323,31,"F","Test"
330324,27,"M","Test"
333330,34,"F","Test"
348545,25,"M","Test"
350330,24,"F","Test"
351938,25,"F","Test"
352132,28,"M","Test"
353740,22,"M","Test"
355542,29,"F","Test"
356948,29,"F","Test"
358144,30,"F","Test"
361941,27,"M","Test"
365343,29,"F","Test"
366042,26,"F","Test"
366446,24,"M","Test"
368551,27,"M","Test"
371843,31,"F","Test"
377451,26,"F","Test"
379657,26,"F","Test"
380036,28,"M","Test"
381038,30,"F","Test"
381543,24,"F","Test"
385450,28,"M","Test"
387959,26,"M","Test"
389357,28,"F","Test"
390645,30,"F","Test"
391748,31,"F","Test"
392447,33,"M","Test"
393247,33,"F","Test"
394956,29,"F","Test"
395958,27,"M","Test"
397154,29,"F","Test"
406836,31,"F","Test"
412528,33,"F","Test"
414229,33,"M","Test"
429040,34,"F","Test"
432332,33,"F","Test"
436239,29,"F","Test"
436845,26,"F","Test"
441939,27,"F","Test"
445543,30,"M","Test"
456346,22,"F","Test"
467351,31,"M","Test"
473952,32,"F","Test"
479762,24,"M","Test"
481042,32,"F","Test"
481951,23,"F","Test"
485757,34,"F","Test"
486759,34,"M","Test"
492754,29,"F","Test"
497865,29,"M","Test"
500222,26,"F","Test"
512835,32,"M","Test"
519950,33,"F","Test"
525541,30,"F","Test"
531536,31,"M","Test"
531940,22,"F","Test"
536647,33,"F","Test"
540436,35,"M","Test"
541640,26,"M","Test"
541943,28,"F","Test"
545345,31,"M","Test"
547046,28,"F","Test"
552241,25,"M","Test"
558960,33,"F","Test"
559457,35,"M","Test"
561242,24,"F","Test"
562446,32,"F","Test"
566454,27,"F","Test"
569965,31,"F","Test"
576255,35,"F","Test"
579867,32,"F","Test"
580044,30,"F","Test"
580650,33,"F","Test"
581349,33,"M","Test"
583858,32,"M","Test"
584355,33,"M","Test"
585862,27,"F","Test"
587664,26,"F","Test"
592455,35,"M","Test"
594156,29,"M","Test"
599065,24,"M","Test"
601127,22,"M","Test"
611938,22,"M","Test"
613235,28,"F","Test"
613538,27,"F","Test"
615744,30,"F","Test"
620434,29,"F","Test"
623844,26,"M","Test"
626648,25,"F","Test"
627852,28,"M","Test"
633847,25,"F","Test"
635245,30,"M","Test"
638049,32,"F","Test"
647858,27,"M","Test"
654350,30,"F","Test"
654754,34,"F","Test"
660951,30,"F","Test"
664757,26,"M","Test"
665254,33,"F","Test"
667056,22,"M","Test"
668361,31,"M","Test"
671855,27,"M","Test"
677766,29,"M","Test"
679770,26,"M","Test"
680250,25,"F","Test"
680957,30,"F","Test"
686969,25,"M","Test"
687163,22,"M","Test"
690152,30,"M","Test"
693764,31,"M","Test"
694362,22,"F","Test"
700634,30,"M","Test"
702133,34,"F","Test"
707749,32,"M","Test"
713239,30,"F","Test"
715041,32,"F","Test"
715647,33,"F","Test"
720337,23,"M","Test"
727654,25,"F","Test"
728454,22,"M","Test"
729254,25,"M","Test"
733548,35,"F","Test"
735148,22,"M","Test"
737960,24,"F","Test"
749361,29,"F","Test"
751348,26,"M","Test"
753150,23,"M","Test"
753251,29,"M","Test"
761957,30,"F","Test"
770352,29,"F","Test"
773257,28,"M","Test"
774663,28,"M","Test"
782157,28,"M","Test"
788674,35,"F","Test"
788876,31,"F","Test"
789373,28,"M","Test"
792867,37,"M","Test"
793465,25,"M","Test"
800941,30,"M","Test"
802844,25,"F","Test"
803240,22,"M","Test"
810843,34,"M","Test"
814548,31,"F","Test"
814649,29,"M","Test"
816653,23,"F","Test"
825048,34,"F","Test"
825654,31,"F","Test"
826353,30,"F","Test"
826454,26,"F","Test"
828862,29,"F","Test"
832651,25,"M","Test"
837964,35,"F","Test"
841349,27,"F","Test"
844961,33,"F","Test"
849264,32,"F","Test"
852455,29,"F","Test"
856766,33,"F","Test"
856968,31,"M","Test"
857263,22,"M","Test"
861456,32,"F","Test"
865363,24,"M","Test"
867468,23,"M","Test"
871762,28,"M","Test"
871964,30,"M","Test"
872562,31,"F","Test"
873968,23,"F","Test"
877168,35,"F","Test"
877269,23,"F","Test"
882161,29,"F","Test"
884064,35,"F","Test"
885975,28,"F","Test"
886674,22,"M","Test"
887373,35,"F","Test"
888678,29,"M","Test"
889579,33,"M","Test"
891667,26,"M","Test"
894067,34,"M","Test"
894673,28,"F","Test"
894774,27,"M","Test"
896778,32,"F","Test"
898176,33,"M","Test"
899885,26,"F","Test"
904044,35,"F","Test"
905147,36,"F","Test"
910241,30,"M","Test"
910443,28,"F","Test"
912447,27,"M","Test"
917255,33,"M","Test"
927359,25,"M","Test"
929464,29,"F","Test"
930449,22,"F","Test"
933253,30,"F","Test"
937160,30,"M","Test"
942658,29,"M","Test"
947668,30,"F","Test"
952863,23,"F","Test"
965771,32,"M","Test"
966975,23,"M","Test"
971160,27,"M","Test"
978578,34,"F","Test"
979984,34,"F","Test"
984472,28,"F","Test"
990366,22,"M","Test"
992774,35,"M","Test"
